review,label
from my experience on a rainy day,1
well one of the best futsal courts in the area at night session,1
overall unhygienic changing rooms but the staff was very helpful and friendly during weekend booking,0
well amazing experience will come again but facilities were outdated and not maintained during weekend booking,1
honestly very professional staff and management but not satisfied with the overall experience on a rainy day,1
honestly affordable price with great quality during our regular game,1
as a regular player bad experience with staff behavior but affordable price with great quality during our match time,0
honestly staff was not responsive to issues during our regular game,0
personally one of the best futsal courts in the area while playing with friends,1
based on my visit terrible experience will never come back during weekend booking,0
too costly yrr,1
from what i saw the court was spacious and well maintained providing ample room for players to enjoy their game without feeling cramped or overcrowded but had to wait for a long time to get the court ready on a rainy day,1
personally the turf was damaged and unsafe during peak hours,0
honestly the ground was slippery and dangerous but the price was reasonable for the quality of the facilities and the overall experience provided making it a great value for money during our regular game,0
to be honest the worst futsal court i ve ever been to while playing with friends,0
nice but little expensive,1
based on my visit nice environment and good vibes overall during peak hours,1
based on my visit too much delay in booking confirmation on a rainy day,0
from what i saw the worst futsal court i ve ever been to at night session,0
personally during our regular game,1
based on my visit the environment was not welcoming at all during our match time,0
frankly speaking very bad experience overall during peak hours,0
as a regular player facilities were outdated and not maintained on a rainy day,0
overall the ground condition was perfect for playing during peak hours,1
honestly very comfortable and enjoyable experience on a rainy day,1
from what i saw very bad experience overall at night session,0
from my experience one of the best futsal courts in the area at night session,1
to be honest booking system was fast and easy we played in the evening,1
based on my visit affordable price with great quality while trying out the new turf,1
to be honest very unprofessional management and staff but the court was spacious and well maintained providing ample room for players to enjoy their game without feeling cramped or overcrowded while playing with friends,0
too costly yrr,0
in my opinion very poor management system during our match time,0
honestly very professional staff and management but the environment was not welcoming at all on a rainy day,1
based on my visit too crowded and not managed properly we played in the evening,0
based on my visit terrible experience will never come back during weekend booking,0
to be honest one of the best futsal courts in the area during our regular game,1
actually ground condition was not good while testing the lighting,0
very unprofessional management and staff on a rainy day,0
from my experience booking system was fast and easy during our regular game,1
the court was not ready on time on a rainy day,0
staff good but turf bad,0
bad lighting but ground ok,0
personally the court was spacious and well maintained providing ample room for players to enjoy their game without feeling cramped or overcrowded but facilities were not clean at all during peak hours,1
overall while playing with friends,1
well the court was overcrowded and chaotic but the price was reasonable for the quality of the facilities and the overall experience provided making it a great value for money during our match time,0
actually the staff was very helpful and friendly but poor lighting and ventilation at night session,1
personally very clean and well maintained ground while trying out the new turf,1
as a regular player the best place to play futsal in town at night session,1
honestly the lighting was dim and insufficient but one of the best futsal courts in the area during peak hours,0
bad experience with staff behavior during weekend booking,0
personally the environment was welcoming and created a great atmosphere for playing futsal making it a favorite spot for many players but lighting was not good while playing with friends,1
as a regular player very comfortable and enjoyable experience but the court was overcrowded and chaotic during our regular game,1
the court was overcrowded and chaotic we played in the evening,0
based on my visit not satisfied with the overall experience at night session,0
overall overpriced for such poor quality at night session,0
loved it,1
based on my visit very comfortable and enjoyable experience while playing with friends,1
from what i saw bad experience with staff behavior during peak hours,0
overall the lighting was perfect for night games and well distributed during weekend booking,1
personally nice environment and good vibes overall we played in the evening,1
to be honest loved the turf and lighting setup while testing the lighting,1
well court was dirty and poorly maintained during our match time,0
actually ground condition was not good during weekend booking,0
personally the booking process was seamless and efficient making it easy to reserve a court at night session,1
in my opinion the court was overcrowded and chaotic we played in the evening,0
actually the price was reasonable for the quality of the facilities and the overall experience provided making it a great value for money on a rainy day,1
as a regular player good maintenance and clean surroundings while trying out the new turf,1
from my experience the turf was in excellent condition and very safe while testing the lighting,1
overall ground condition was not good but the court was spacious and well maintained providing ample room for players to enjoy their game without feeling cramped or overcrowded at night session,0
from what i saw facilities were not clean at all on a rainy day,0
based on my visit friendly staff and smooth booking process but had a very bad time playing here during peak hours,1
in my opinion the turf was uneven and caused injuries while playing with friends,0
from my experience the turf was damaged and unsafe during peak hours,0
based on my visit the lighting was dim and insufficient at night session,0
as a regular player had a very bad time playing here on a rainy day,0
personally had to wait for a long time to get the court ready we played in the evening,0
honestly not worth the price on a rainy day,0
spacious court and proper lighting setup while trying out the new turf,1
as a regular player the staff was very helpful and friendly at night session,1
frankly speaking the overall management of the facility was top notch ensuring a smooth and enjoyable experience for all players on a rainy day,1
ok futsal not bad,1
from what i saw spacious court and proper lighting setup on a rainy day,1
well the lighting was dim and insufficient at night session,0
staff good but turf bad,1
to be honest too much delay in booking confirmation while playing with friends,0
from what i saw the booking process was seamless and efficient making it easy to reserve a court while trying out the new turf,1
not satisfied,0
as a regular player lighting was not good but while testing the lighting,0
based on my visit too much delay in booking confirmation but the surface quality was very good during our regular game,0
well very professional staff and management we played in the evening,1
based on my visit friendly staff and smooth booking process at night session,1
in my opinion very unprofessional management and staff while playing with friends,0
based on my visit lighting was not good while testing the lighting,0
loved it,0
based on my visit the court was not ready on time at night session,0
not satisfied,1
as a regular player the overall management of the facility was top notch ensuring a smooth and enjoyable experience for all players but facilities were not clean at all on a rainy day,1
to be honest the court was overcrowded and chaotic we played in the evening,0
from what i saw staff was rude and unhelpful but highly recommended for futsal lovers while testing the lighting,0
from my experience great futsal court with excellent facilities but court was dirty and poorly maintained during our regular game,1
personally very disappointing experience but the ground condition was perfect for playing while trying out the new turf,0
frankly speaking the price was too high for the quality offered during weekend booking,0
actually would not recommend this place during our regular game,0
from my experience the best place to play futsal in town while trying out the new turf,1
to be honest too crowded and not managed properly while testing the lighting,0
personally unhygienic changing rooms at night session,0
as a regular player had to wait for a long time to get the court ready while playing with friends,0
from what i saw very disappointing experience during peak hours,0
to be honest spacious court and proper lighting setup during peak hours,1
from my experience unhygienic changing rooms but the turf was in excellent condition and very safe while testing the lighting,0
overall had a very bad time playing here but the court was spacious and well maintained providing ample room for players to enjoy their game without feeling cramped or overcrowded at night session,0
based on my visit facilities were not clean at all while playing with friends,0
had a very bad time playing here on a rainy day,0
overall worth the money and time at night session,1
never again,1
to be honest the staff was very helpful and friendly during our regular game,1
honestly great futsal court with excellent facilities during weekend booking,1
frankly speaking very professional staff and management during our regular game,1
personally the worst futsal court i ve ever been to while playing with friends,0
as a regular player the staff was very helpful and friendly during our regular game,1
overall the best place to play futsal in town while testing the lighting,1
frankly speaking loved the turf and lighting setup during weekend booking,1
from what i saw not worth the price but amazing experience will come again while trying out the new turf,0
in my opinion the turf was in excellent condition and very safe at night session,1
overall really enjoyed playing here with friends during our match time,1
nice but little expensive,1
as a regular player really enjoyed playing here with friends while playing with friends,1
from what i saw had a very bad time playing here while playing with friends,0
overall the ground condition was perfect for playing at night session,1
from what i saw staff was rude and unhelpful during weekend booking,0
from my experience affordable price with great quality during our regular game,1
overall the best place to play futsal in town while playing with friends,1
frankly speaking had to wait for a long time to get the court ready but excellent facilities and great atmosphere during peak hours,0
based on my visit very comfortable and enjoyable experience on a rainy day,1
as a regular player excellent facilities and great atmosphere but terrible experience will never come back while testing the lighting,1
as a regular player had a great time playing here during our regular game,1
well loved the turf and lighting setup while testing the lighting,1
too costly yrr,0
overall spacious court and proper lighting setup while trying out the new turf,1
never again,1
from my experience friendly staff and smooth booking process we played in the evening,1
honestly the lighting was dim and insufficient during our match time,0
lighting was not good during peak hours,0
to be honest highly recommended for futsal lovers while testing the lighting,1
well the lighting was perfect for night games and well distributed during peak hours,1
well too crowded and not managed properly on a rainy day,0
worth it,0
overall the court was spacious and well maintained providing ample room for players to enjoy their game without feeling cramped or overcrowded we played in the evening,1
overall worth the money and time while testing the lighting,1
actually had to wait for a long time to get the court ready during our regular game,0
frankly speaking loved the turf and lighting setup but too crowded and not managed properly during our regular game,1
ok futsal not bad,0
too much delay in booking confirmation but had a great time playing here while testing the lighting,0
well nice environment and good vibes overall while testing the lighting,1
meh experience,1
actually the worst futsal court i ve ever been to during our match time,0
overall the price was reasonable for the quality of the facilities and the overall experience provided making it a great value for money during our match time,1
very disappointing experience during weekend booking,0
in my opinion the ground was slippery and dangerous during weekend booking,0
too costly yrr,0
from what i saw very bad experience overall during our match time,0
well the environment was not welcoming at all at night session,0
actually excellent facilities and great atmosphere during weekend booking,1
based on my visit the overall management of the facility was top notch ensuring a smooth and enjoyable experience for all players while playing with friends,1
actually the best place to play futsal in town during our regular game,1
very clean and well maintained ground at night session,1
overall would not recommend this place at night session,0
nice but little expensive,1
not satisfied,0
as a regular player the court was overcrowded and chaotic at night session,0
honestly friendly staff and smooth booking process but too much delay in booking confirmation while testing the lighting,1
in my opinion friendly staff and smooth booking process but unhygienic changing rooms while testing the lighting,1
the overall management of the facility was top notch ensuring a smooth and enjoyable experience for all players at night session,1
based on my visit the turf was in excellent condition and very safe during our regular game,1
ok futsal not bad,1
good maintenance and clean surroundings while testing the lighting,1
frankly speaking very clean and well maintained ground on a rainy day,1
from what i saw the environment was not welcoming at all during our match time,0
actually not satisfied with the overall experience while playing with friends,0
based on my visit too much delay in booking confirmation during weekend booking,0
to be honest very clean and well maintained ground on a rainy day,1
based on my visit the ground was slippery and dangerous but very comfortable and enjoyable experience at night session,0
as a regular player very poor management system while playing with friends,0
personally bad experience with staff behavior while testing the lighting,0
personally highly recommended for futsal lovers while trying out the new turf,1
everything was well organized and managed but the turf was damaged and unsafe while playing with friends,1
loved it,0
based on my visit the lighting was perfect for night games and well distributed but facilities were outdated and not maintained on a rainy day,1
ok futsal not bad,1
overall not worth the price at night session,0
personally very disappointing experience we played in the evening,0
frankly speaking the booking process was seamless and efficient making it easy to reserve a court while testing the lighting,1
well the court was spacious and well maintained providing ample room for players to enjoy their game without feeling cramped or overcrowded while trying out the new turf,1
as a regular player would not recommend this place while testing the lighting,0
not satisfied,1
honestly the court was not ready on time we played in the evening,0
overall very clean and well maintained ground but very unprofessional management and staff while playing with friends,1
to be honest booking system was fast and easy on a rainy day,1
personally the lighting was dim and insufficient but one of the best futsal courts in the area during our match time,0
actually staff was rude and unhelpful during peak hours,0
never again,0
to be honest terrible experience will never come back during our regular game,0
frankly speaking the turf was in excellent condition and very safe but the turf was damaged and unsafe while playing with friends,1
personally amazing experience will come again during weekend booking,1
honestly staff was rude and unhelpful during weekend booking,0
not satisfied,0
overall had to wait for a long time to get the court ready but worth the money and time while testing the lighting,0
overall loved the turf and lighting setup but facilities were outdated and not maintained during peak hours,1
staff good but turf bad,1
actually the staff was very helpful and friendly at night session,1
based on my visit the court was overcrowded and chaotic during our match time,0
the court was overcrowded and chaotic at night session,0
staff good but turf bad,0
from my experience too much delay in booking confirmation we played in the evening,0
not bad,1
in my opinion terrible experience will never come back but highly recommended for futsal lovers during peak hours,0
to be honest highly recommended for futsal lovers while playing with friends,1
the environment was welcoming and created a great atmosphere for playing futsal making it a favorite spot for many players while testing the lighting,1
will come again,0
well friendly staff and smooth booking process during peak hours,1
actually the price was too high for the quality offered during our regular game,0
in my opinion the best place to play futsal in town while playing with friends,1
based on my visit very clean and well maintained ground but bad experience with staff behavior we played in the evening,1
honestly spacious court and proper lighting setup during weekend booking,1
from what i saw bad experience with staff behavior while trying out the new turf,0
to be honest had to wait for a long time to get the court ready while trying out the new turf,0
to be honest one of the best futsal courts in the area while trying out the new turf,1
from my experience excellent facilities and great atmosphere while testing the lighting,1
based on my visit loved the turf and lighting setup but facilities were outdated and not maintained during our regular game,1
frankly speaking worth the money and time during our match time,1
everything was well organized and managed at night session,1
actually too much delay in booking confirmation during our match time,0
well facilities were not clean at all but everything was well organized and managed during peak hours,0
based on my visit the environment was welcoming and created a great atmosphere for playing futsal making it a favorite spot for many players during peak hours,1
overall the booking process was seamless and efficient making it easy to reserve a court during weekend booking,1
from what i saw the court was spacious and well maintained providing ample room for players to enjoy their game without feeling cramped or overcrowded while trying out the new turf,1
based on my visit the surface quality was very good during our regular game,1
amazing experience will come again but lighting was not good while playing with friends,1
will come again,0
frankly speaking waste of money and time while playing with friends,0
could be better,1
actually very bad experience overall during weekend booking,0
too costly yrr,0
as a regular player the surface quality was very good at night session,1
frankly speaking the environment was not welcoming at all during our match time,0
from what i saw bad experience with staff behavior while testing the lighting,0
overall overpriced for such poor quality during our regular game,0
based on my visit the environment was welcoming and created a great atmosphere for playing futsal making it a favorite spot for many players we played in the evening,1
personally the turf was damaged and unsafe we played in the evening,0
honestly the ground was slippery and dangerous on a rainy day,0
in my opinion overpriced for such poor quality during our regular game,0
as a regular player really enjoyed playing here with friends but the court was not ready on time during peak hours,1
personally the best place to play futsal in town while trying out the new turf,1
frankly speaking very poor management system we played in the evening,0
overall everything was well organized and managed at night session,1
in my opinion worth the money and time on a rainy day,1
bad lighting but ground ok,1
from what i saw the lighting was dim and insufficient during peak hours,0
to be honest the overall management of the facility was top notch ensuring a smooth and enjoyable experience for all players but the worst futsal court i ve ever been to while trying out the new turf,1
based on my visit too much delay in booking confirmation during weekend booking,0
ground condition was not good but good maintenance and clean surroundings while playing with friends,0
frankly speaking affordable price with great quality while playing with friends,1
not satisfied,0
well the staff was very helpful and friendly during our match time,1
frankly speaking great futsal court with excellent facilities at night session,1
as a regular player amazing experience will come again while testing the lighting,1
to be honest the turf was damaged and unsafe but excellent facilities and great atmosphere during weekend booking,0
based on my visit the best place to play futsal in town during weekend booking,1
to be honest affordable price with great quality during our match time,1
actually great futsal court with excellent facilities at night session,1
actually spacious court and proper lighting setup at night session,1
from my experience spacious court and proper lighting setup but overpriced for such poor quality at night session,1
frankly speaking very poor management system we played in the evening,0
to be honest the worst futsal court i ve ever been to we played in the evening,0
based on my visit poor lighting and ventilation we played in the evening,0
well the booking process was seamless and efficient making it easy to reserve a court at night session,1
as a regular player the environment was welcoming and created a great atmosphere for playing futsal making it a favorite spot for many players on a rainy day,1
honestly had a very bad time playing here at night session,0
overall not worth the price but the environment was welcoming and created a great atmosphere for playing futsal making it a favorite spot for many players during our match time,0
not good,0
loved the turf and lighting setup during our regular game,1
well the court was overcrowded and chaotic while trying out the new turf,0
ok futsal not bad,0
to be honest the staff was very helpful and friendly during peak hours,1
well the court was not ready on time at night session,0
well the overall management of the facility was top notch ensuring a smooth and enjoyable experience for all players while testing the lighting,1
actually the ground condition was perfect for playing at night session,1
actually nice environment and good vibes overall at night session,1
well would not recommend this place during weekend booking,0
from what i saw very professional staff and management while playing with friends,1
the ground condition was perfect for playing on a rainy day,1
worth it,0
in my opinion staff was rude and unhelpful during weekend booking,0
from what i saw terrible experience will never come back but very clean and well maintained ground on a rainy day,0
frankly speaking staff was not responsive to issues on a rainy day,0
overall terrible experience will never come back during our match time,0
nice but little expensive,0
nice but little expensive,1
based on my visit while testing the lighting,1
frankly speaking everything was well organized and managed on a rainy day,1
personally staff was not responsive to issues during peak hours,0
from what i saw nice environment and good vibes overall while playing with friends,1
from my experience amazing experience will come again during peak hours,1
booking system was confusing while playing with friends,0
not satisfied,0
as a regular player had to wait for a long time to get the court ready we played in the evening,0
in my opinion very poor management system but the ground condition was perfect for playing at night session,0
honestly affordable price with great quality during our regular game,1
from my experience too crowded and not managed properly but the environment was welcoming and created a great atmosphere for playing futsal making it a favorite spot for many players while trying out the new turf,0
based on my visit amazing experience will come again during weekend booking,1
ok futsal not bad,1
based on my visit amazing experience will come again we played in the evening,1
well amazing experience will come again but the environment was not welcoming at all while trying out the new turf,1
to be honest the ground was slippery and dangerous while playing with friends,0
not bad,0
overall the turf was damaged and unsafe at night session,0
in my opinion very poor management system but very professional staff and management while trying out the new turf,0
as a regular player worth the money and time while testing the lighting,1
well the court was spacious and well maintained providing ample room for players to enjoy their game without feeling cramped or overcrowded while trying out the new turf,1
lighting was not good at night session,0
personally the staff was not helpful when we had issues but the best place to play futsal in town at night session,0
overall bad experience with staff behavior but the court was spacious and well maintained providing ample room for players to enjoy their game without feeling cramped or overcrowded on a rainy day,0
frankly speaking the environment was not welcoming at all during weekend booking,0
from my experience the ground condition was perfect for playing but poor lighting and ventilation while testing the lighting,1
could be better,1
overall the worst futsal court i ve ever been to while testing the lighting,0
from what i saw the turf was in excellent condition and very safe but poor lighting and ventilation on a rainy day,1
honestly booking system was fast and easy but the ground was slippery and dangerous on a rainy day,1
as a regular player the booking process was seamless and efficient making it easy to reserve a court while testing the lighting,1
not good,1
frankly speaking the overall management of the facility was top notch ensuring a smooth and enjoyable experience for all players at night session,1
worth it,0
could be better,1
honestly ground condition was not good but one of the best futsal courts in the area during our match time,0
based on my visit loved the turf and lighting setup while testing the lighting,1
in my opinion the lighting was perfect for night games and well distributed but too crowded and not managed properly while trying out the new turf,1
as a regular player the surface quality was very good but the lighting was dim and insufficient while playing with friends,1
frankly speaking bad experience with staff behavior but friendly staff and smooth booking process while playing with friends,0
actually great futsal court with excellent facilities while playing with friends,1
had a very bad time playing here while testing the lighting,0
frankly speaking very unprofessional management and staff during our regular game,0
had to wait for a long time to get the court ready but everything was well organized and managed during peak hours,0
from my experience the price was too high for the quality offered on a rainy day,0
frankly speaking the court was not ready on time while trying out the new turf,0
based on my visit highly recommended for futsal lovers while trying out the new turf,1
from what i saw the turf was uneven and caused injuries on a rainy day,0
in my opinion good maintenance and clean surroundings during weekend booking,1
in my opinion highly recommended for futsal lovers we played in the evening,1
well unhygienic changing rooms on a rainy day,0
too costly yrr,0
not bad,1
as a regular player the booking process was seamless and efficient making it easy to reserve a court while testing the lighting,1
overall the court was overcrowded and chaotic but the overall management of the facility was top notch ensuring a smooth and enjoyable experience for all players on a rainy day,0
to be honest very poor management system but the lighting was perfect for night games and well distributed at night session,0
overall lighting was not good but the court was spacious and well maintained providing ample room for players to enjoy their game without feeling cramped or overcrowded during weekend booking,0
the best place to play futsal in town but staff was rude and unhelpful while playing with friends,1
could be better,1
well had a very bad time playing here on a rainy day,0
the lighting was dim and insufficient on a rainy day,0
from what i saw had a very bad time playing here but friendly staff and smooth booking process during our regular game,0
based on my visit very disappointing experience but very clean and well maintained ground at night session,0
in my opinion very bad experience overall at night session,0
the court was not ready on time while playing with friends,0
honestly the best place to play futsal in town we played in the evening,1
from what i saw staff was not responsive to issues during our regular game,0
frankly speaking the lighting was dim and insufficient on a rainy day,0
frankly speaking bad experience with staff behavior during weekend booking,0
worth it,1
to be honest not worth the price during weekend booking,0
based on my visit the best place to play futsal in town during our regular game,1
actually the lighting was perfect for night games and well distributed during our match time,1
honestly waste of money and time during our regular game,0
well the price was reasonable for the quality of the facilities and the overall experience provided making it a great value for money during weekend booking,1
honestly booking system was fast and easy during our regular game,1
good court but price high,1
overall facilities were not clean at all we played in the evening,0
to be honest booking system was confusing while playing with friends,0
well the lighting was dim and insufficient but had a great time playing here we played in the evening,0
never again,1
to be honest the booking process was seamless and efficient making it easy to reserve a court but facilities were not clean at all during our match time,1
loved it,0
in my opinion very bad experience overall on a rainy day,0
personally very comfortable and enjoyable experience on a rainy day,1
frankly speaking the overall management of the facility was top notch ensuring a smooth and enjoyable experience for all players during our match time,1
based on my visit one of the best futsal courts in the area while testing the lighting,1
frankly speaking the price was too high for the quality offered on a rainy day,0
to be honest really enjoyed playing here with friends but the turf was damaged and unsafe while playing with friends,1
to be honest the ground was slippery and dangerous but excellent facilities and great atmosphere during weekend booking,0
overall the environment was not welcoming at all we played in the evening,0
in my opinion terrible experience will never come back during peak hours,0
based on my visit staff was not responsive to issues at night session,0
actually very bad experience overall while playing with friends,0
well the court was spacious and well maintained providing ample room for players to enjoy their game without feeling cramped or overcrowded at night session,1
well poor lighting and ventilation on a rainy day,0
too costly yrr,0
from my experience the turf was damaged and unsafe but really enjoyed playing here with friends during peak hours,0
actually the environment was not welcoming at all but friendly staff and smooth booking process while testing the lighting,0
well spacious court and proper lighting setup during weekend booking,1
not bad,1
well the environment was welcoming and created a great atmosphere for playing futsal making it a favorite spot for many players during our regular game,1
as a regular player affordable price with great quality but the court was not ready on time during our match time,1
frankly speaking the ground condition was perfect for playing during weekend booking,1
personally had to wait for a long time to get the court ready we played in the evening,0
honestly the turf was damaged and unsafe during our match time,0
meh experience,0
based on my visit not satisfied with the overall experience we played in the evening,0
from what i saw the turf was uneven and caused injuries we played in the evening,0
actually the court was spacious and well maintained providing ample room for players to enjoy their game without feeling cramped or overcrowded we played in the evening,1
from what i saw great futsal court with excellent facilities we played in the evening,1
in my opinion affordable price with great quality during our regular game,1
personally while trying out the new turf,1
amazing experience will come again during our regular game,1
to be honest not worth the price while trying out the new turf,0
well the turf was damaged and unsafe we played in the evening,0
loved it,1
personally very clean and well maintained ground during our regular game,1
as a regular player very unprofessional management and staff but at night session,0
overall very unprofessional management and staff while playing with friends,0
nice but little expensive,0
well the court was spacious and well maintained providing ample room for players to enjoy their game without feeling cramped or overcrowded on a rainy day,1
from my experience very comfortable and enjoyable experience we played in the evening,1
ok futsal not bad,0
based on my visit the ground was slippery and dangerous during weekend booking,0
frankly speaking not satisfied with the overall experience during our match time,0
based on my visit spacious court and proper lighting setup but not satisfied with the overall experience while trying out the new turf,1
to be honest the price was too high for the quality offered during our regular game,0
as a regular player the price was too high for the quality offered on a rainy day,0
frankly speaking great futsal court with excellent facilities but booking system was confusing during our regular game,1
frankly speaking very disappointing experience while testing the lighting,0
well amazing experience will come again on a rainy day,1
overall very comfortable and enjoyable experience but not worth the price while testing the lighting,1
overall bad experience with staff behavior but during our regular game,0
the best place to play futsal in town during our regular game,1
overall very comfortable and enjoyable experience while testing the lighting,1
to be honest really enjoyed playing here with friends during peak hours,1
bad lighting but ground ok,0
well very unprofessional management and staff while trying out the new turf,0
based on my visit staff was not responsive to issues during peak hours,0
from what i saw staff was not responsive to issues but amazing experience will come again while testing the lighting,0
the surface quality was very good while testing the lighting,1
based on my visit very disappointing experience while playing with friends,0
actually everything was well organized and managed we played in the evening,1
in my opinion at night session,1
frankly speaking booking system was fast and easy but waste of money and time at night session,1
ok futsal not bad,0
overall very bad experience overall at night session,0
based on my visit amazing experience will come again but overpriced for such poor quality during our match time,1
personally had a great time playing here while playing with friends,1
overall everything was well organized and managed we played in the evening,1
overall had a very bad time playing here during our match time,0
to be honest overpriced for such poor quality during weekend booking,0
actually very disappointing experience while playing with friends,0
court was dirty and poorly maintained while testing the lighting,0
the surface quality was very good during our regular game,1
loved it,0
staff good but turf bad,0
actually loved the turf and lighting setup during our regular game,1
too costly yrr,1
based on my visit friendly staff and smooth booking process but bad experience with staff behavior while trying out the new turf,1
too costly yrr,0
honestly the turf was damaged and unsafe but worth the money and time we played in the evening,0
worth it,1
from what i saw worth the money and time but staff was rude and unhelpful while trying out the new turf,1
personally too crowded and not managed properly but very professional staff and management while trying out the new turf,0
in my opinion very professional staff and management but very poor management system we played in the evening,1
from what i saw the surface quality was very good while testing the lighting,1
based on my visit staff was not responsive to issues during our regular game,0
not bad,1
from what i saw good maintenance and clean surroundings while trying out the new turf,1
well the environment was welcoming and created a great atmosphere for playing futsal making it a favorite spot for many players during our match time,1
in my opinion had to wait for a long time to get the court ready at night session,0
frankly speaking friendly staff and smooth booking process on a rainy day,1
in my opinion staff was rude and unhelpful during peak hours,0
based on my visit would not recommend this place while playing with friends,0
on a rainy day,1
overall loved the turf and lighting setup while playing with friends,1
from my experience spacious court and proper lighting setup while trying out the new turf,1
personally the price was too high for the quality offered during our regular game,0
actually staff was not responsive to issues but worth the money and time during peak hours,0
well loved the turf and lighting setup while testing the lighting,1
frankly speaking staff was rude and unhelpful but the best place to play futsal in town while trying out the new turf,0
personally the turf was damaged and unsafe at night session,0
in my opinion the ground condition was perfect for playing while playing with friends,1
actually would not recommend this place during our match time,0
to be honest the ground was slippery and dangerous while testing the lighting,0
in my opinion too crowded and not managed properly during peak hours,0
based on my visit the staff was not helpful when we had issues while playing with friends,0
well very comfortable and enjoyable experience during our regular game,1
will come again,1
well on a rainy day,1
frankly speaking had a very bad time playing here while trying out the new turf,0
in my opinion booking system was fast and easy while trying out the new turf,1
from my experience worth the money and time during our regular game,1
overall had to wait for a long time to get the court ready but the best place to play futsal in town on a rainy day,0
will come again,1
frankly speaking nice environment and good vibes overall but booking system was confusing during peak hours,1
actually very unprofessional management and staff during our match time,0
from my experience spacious court and proper lighting setup while trying out the new turf,1
personally facilities were outdated and not maintained on a rainy day,0
from what i saw but waste of money and time while testing the lighting,1
overall the ground was slippery and dangerous on a rainy day,0
to be honest everything was well organized and managed we played in the evening,1
good court but price high,0
as a regular player affordable price with great quality on a rainy day,1
frankly speaking poor lighting and ventilation at night session,0
not satisfied,1
as a regular player bad experience with staff behavior during weekend booking,0
staff good but turf bad,0
worth it,0
from what i saw very professional staff and management but facilities were not clean at all we played in the evening,1
overall the ground condition was perfect for playing during peak hours,1
well the environment was welcoming and created a great atmosphere for playing futsal making it a favorite spot for many players but the turf was damaged and unsafe while testing the lighting,1
actually worth the money and time at night session,1
personally waste of money and time we played in the evening,0
based on my visit excellent facilities and great atmosphere while testing the lighting,1
bad lighting but ground ok,0
overall amazing experience will come again but the price was too high for the quality offered while playing with friends,1
personally overpriced for such poor quality on a rainy day,0
overall everything was well organized and managed during weekend booking,1
loved it,0
from what i saw amazing experience will come again during weekend booking,1
as a regular player unhygienic changing rooms but booking system was fast and easy we played in the evening,0
personally very clean and well maintained ground but very unprofessional management and staff during weekend booking,1
frankly speaking the booking process was seamless and efficient making it easy to reserve a court on a rainy day,1
had a great time playing here while trying out the new turf,1
to be honest not satisfied with the overall experience during our match time,0
from my experience very professional staff and management during our regular game,1
overall very clean and well maintained ground we played in the evening,1
could be better,0
from what i saw the environment was not welcoming at all at night session,0
as a regular player spacious court and proper lighting setup at night session,1
as a regular player really enjoyed playing here with friends during peak hours,1
from my experience booking system was fast and easy while trying out the new turf,1
actually the overall management of the facility was top notch ensuring a smooth and enjoyable experience for all players during our regular game,1
from my experience booking system was confusing during our regular game,0
in my opinion very poor management system but great futsal court with excellent facilities during our regular game,0
well ground condition was not good but the surface quality was very good during our regular game,0
frankly speaking the turf was damaged and unsafe during peak hours,0
bad lighting but ground ok,0
personally very clean and well maintained ground while testing the lighting,1
based on my visit worth the money and time while playing with friends,1
based on my visit facilities were outdated and not maintained during our match time,0
personally overpriced for such poor quality but very clean and well maintained ground while trying out the new turf,0
staff good but turf bad,1
actually the court was overcrowded and chaotic while testing the lighting,0
as a regular player the price was too high for the quality offered but the turf was in excellent condition and very safe while trying out the new turf,0
to be honest very poor management system while playing with friends,0
as a regular player everything was well organized and managed but too crowded and not managed properly while playing with friends,1
in my opinion had a very bad time playing here but highly recommended for futsal lovers we played in the evening,0
frankly speaking waste of money and time during our match time,0
as a regular player really enjoyed playing here with friends but facilities were not clean at all at night session,1
overall lighting was not good while trying out the new turf,0
well not worth the price at night session,0
based on my visit not worth the price while trying out the new turf,0
as a regular player very professional staff and management during our regular game,1
overall the staff was very helpful and friendly on a rainy day,1
personally great futsal court with excellent facilities at night session,1
well highly recommended for futsal lovers during weekend booking,1
not satisfied,0
based on my visit the court was not ready on time during our match time,0
nice but little expensive,1
well the turf was damaged and unsafe at night session,0
in my opinion very poor management system we played in the evening,0
in my opinion friendly staff and smooth booking process while testing the lighting,1
personally had a very bad time playing here during peak hours,0
personally the lighting was dim and insufficient but everything was well organized and managed during weekend booking,0
personally the staff was very helpful and friendly at night session,1
in my opinion great futsal court with excellent facilities during our regular game,1
well court was dirty and poorly maintained while playing with friends,0
overall loved the turf and lighting setup while trying out the new turf,1
personally very professional staff and management while testing the lighting,1
based on my visit the environment was welcoming and created a great atmosphere for playing futsal making it a favorite spot for many players while trying out the new turf,1
honestly the environment was not welcoming at all during our regular game,0
personally booking system was fast and easy during our regular game,1
in my opinion very comfortable and enjoyable experience during weekend booking,1
from what i saw spacious court and proper lighting setup but terrible experience will never come back while testing the lighting,1
honestly amazing experience will come again while playing with friends,1
spacious court and proper lighting setup while testing the lighting,1
from my experience the turf was in excellent condition and very safe while testing the lighting,1
in my opinion poor lighting and ventilation during weekend booking,0
overall lighting was not good while playing with friends,0
overall highly recommended for futsal lovers during peak hours,1
from my experience the booking process was seamless and efficient making it easy to reserve a court while playing with friends,1
frankly speaking too crowded and not managed properly during peak hours,0
well the court was not ready on time during our regular game,0
will come again,0
based on my visit spacious court and proper lighting setup while trying out the new turf,1
not satisfied,0
ok futsal not bad,1
well amazing experience will come again while testing the lighting,1
honestly the price was too high for the quality offered during our regular game,0
the price was too high for the quality offered at night session,0
honestly ground condition was not good during weekend booking,0
well everything was well organized and managed while trying out the new turf,1
in my opinion nice environment and good vibes overall but staff was not responsive to issues during weekend booking,1
to be honest excellent facilities and great atmosphere but staff was rude and unhelpful while testing the lighting,1
in my opinion the turf was in excellent condition and very safe but staff was not responsive to issues we played in the evening,1
personally waste of money and time during peak hours,0
personally the environment was welcoming and created a great atmosphere for playing futsal making it a favorite spot for many players during our regular game,1
personally waste of money and time while playing with friends,0
from my experience the price was too high for the quality offered during weekend booking,0
not bad,1
as a regular player ground condition was not good while trying out the new turf,0
not good,1
based on my visit bad experience with staff behavior during our regular game,0
honestly the ground condition was perfect for playing we played in the evening,1
frankly speaking the lighting was perfect for night games and well distributed but very poor management system while playing with friends,1
from what i saw the surface quality was very good while testing the lighting,1
based on my visit nice environment and good vibes overall during peak hours,1
the staff was not helpful when we had issues while testing the lighting,0
too costly yrr,1
overall great futsal court with excellent facilities during weekend booking,1
in my opinion the ground was slippery and dangerous while playing with friends,0
frankly speaking very disappointing experience during our regular game,0
honestly excellent facilities and great atmosphere we played in the evening,1
frankly speaking the worst futsal court i ve ever been to during our regular game,0
in my opinion the price was too high for the quality offered during weekend booking,0
frankly speaking booking system was confusing at night session,0
from what i saw the court was spacious and well maintained providing ample room for players to enjoy their game without feeling cramped or overcrowded at night session,1
actually the court was spacious and well maintained providing ample room for players to enjoy their game without feeling cramped or overcrowded while trying out the new turf,1
based on my visit staff was rude and unhelpful while trying out the new turf,0
frankly speaking great futsal court with excellent facilities we played in the evening,1
to be honest the ground condition was perfect for playing on a rainy day,1
well the staff was very helpful and friendly but very unprofessional management and staff during weekend booking,1
frankly speaking the overall management of the facility was top notch ensuring a smooth and enjoyable experience for all players during peak hours,1
not satisfied,0
actually loved the turf and lighting setup while trying out the new turf,1
from what i saw not worth the price we played in the evening,0
too costly yrr,1
from what i saw very poor management system while testing the lighting,0
well excellent facilities and great atmosphere during peak hours,1
as a regular player booking system was fast and easy but very poor management system while trying out the new turf,1
from what i saw waste of money and time during peak hours,0
from my experience overpriced for such poor quality while trying out the new turf,0
overall the ground condition was perfect for playing while playing with friends,1
as a regular player affordable price with great quality but overpriced for such poor quality at night session,1
to be honest facilities were not clean at all but during our regular game,0
not satisfied,0
as a regular player affordable price with great quality during our regular game,1
well everything was well organized and managed during our regular game,1
based on my visit nice environment and good vibes overall while playing with friends,1
not satisfied,0
frankly speaking very bad experience overall while testing the lighting,0
frankly speaking the staff was very helpful and friendly while playing with friends,1
well great futsal court with excellent facilities but the worst futsal court i ve ever been to while testing the lighting,1
from what i saw highly recommended for futsal lovers but overpriced for such poor quality during our match time,1
to be honest ground condition was not good on a rainy day,0
not satisfied,1
well ground condition was not good during our regular game,0
to be honest very poor management system while trying out the new turf,0
to be honest the environment was welcoming and created a great atmosphere for playing futsal making it a favorite spot for many players but poor lighting and ventilation on a rainy day,1
frankly speaking one of the best futsal courts in the area on a rainy day,1
not bad,0
based on my visit the ground condition was perfect for playing during peak hours,1
from my experience one of the best futsal courts in the area but not satisfied with the overall experience we played in the evening,1
from my experience the best place to play futsal in town during weekend booking,1
overall had a great time playing here at night session,1
to be honest very clean and well maintained ground while testing the lighting,1
overall had a great time playing here but too much delay in booking confirmation during our regular game,1
to be honest the environment was not welcoming at all on a rainy day,0
honestly would not recommend this place during weekend booking,0
personally the ground was slippery and dangerous but very clean and well maintained ground we played in the evening,0
good court but price high,0
overall worth the money and time while trying out the new turf,1
good court but price high,1
overall the court was not ready on time during our match time,0
good court but price high,0
actually very disappointing experience during peak hours,0
well had to wait for a long time to get the court ready during weekend booking,0
booking system was fast and easy but overpriced for such poor quality on a rainy day,1
frankly speaking very clean and well maintained ground during our regular game,1
from what i saw court was dirty and poorly maintained while playing with friends,0
good maintenance and clean surroundings but the staff was not helpful when we had issues during weekend booking,1
well would not recommend this place while testing the lighting,0
from what i saw the ground condition was perfect for playing but the turf was uneven and caused injuries at night session,1
from my experience the overall management of the facility was top notch ensuring a smooth and enjoyable experience for all players but the staff was not helpful when we had issues during peak hours,1
personally not satisfied with the overall experience but the environment was welcoming and created a great atmosphere for playing futsal making it a favorite spot for many players during weekend booking,0
frankly speaking not worth the price during weekend booking,0
in my opinion overpriced for such poor quality while playing with friends,0
overall spacious court and proper lighting setup during peak hours,1
personally the turf was in excellent condition and very safe during weekend booking,1
based on my visit one of the best futsal courts in the area we played in the evening,1
will come again,1
from my experience too crowded and not managed properly but everything was well organized and managed during our match time,0
meh experience,0
very unprofessional management and staff we played in the evening,0
personally the price was reasonable for the quality of the facilities and the overall experience provided making it a great value for money but bad experience with staff behavior while testing the lighting,1
loved it,0
in my opinion nice environment and good vibes overall during our regular game,1
frankly speaking staff was rude and unhelpful on a rainy day,0
honestly very unprofessional management and staff we played in the evening,0
honestly the environment was welcoming and created a great atmosphere for playing futsal making it a favorite spot for many players during our regular game,1
overall the overall management of the facility was top notch ensuring a smooth and enjoyable experience for all players but very bad experience overall during weekend booking,1
well the overall management of the facility was top notch ensuring a smooth and enjoyable experience for all players but very disappointing experience during peak hours,1
overall amazing experience will come again at night session,1
actually the booking process was seamless and efficient making it easy to reserve a court but overpriced for such poor quality on a rainy day,1
from what i saw had to wait for a long time to get the court ready on a rainy day,0
never again,1
not good,0
well court was dirty and poorly maintained while playing with friends,0
in my opinion booking system was confusing but very comfortable and enjoyable experience during weekend booking,0
from what i saw loved the turf and lighting setup during peak hours,1
well the staff was not helpful when we had issues while playing with friends,0
as a regular player the lighting was perfect for night games and well distributed while trying out the new turf,1
based on my visit the staff was not helpful when we had issues during weekend booking,0
based on my visit the ground condition was perfect for playing on a rainy day,1
loved it,1
meh experience,0
in my opinion amazing experience will come again but would not recommend this place on a rainy day,1
frankly speaking very disappointing experience during weekend booking,0
overall the environment was welcoming and created a great atmosphere for playing futsal making it a favorite spot for many players while trying out the new turf,1
to be honest too crowded and not managed properly but the best place to play futsal in town while playing with friends,0
in my opinion great futsal court with excellent facilities during peak hours,1
honestly the turf was damaged and unsafe on a rainy day,0
frankly speaking court was dirty and poorly maintained while playing with friends,0
in my opinion very unprofessional management and staff but great futsal court with excellent facilities during our regular game,0
actually the court was not ready on time on a rainy day,0
to be honest the environment was not welcoming at all during our regular game,0
honestly had to wait for a long time to get the court ready during peak hours,0
in my opinion spacious court and proper lighting setup on a rainy day,1
based on my visit highly recommended for futsal lovers during our regular game,1
based on my visit the turf was in excellent condition and very safe on a rainy day,1
from my experience terrible experience will never come back but the booking process was seamless and efficient making it easy to reserve a court during peak hours,0
to be honest facilities were not clean at all at night session,0
bad lighting but ground ok,1
as a regular player facilities were outdated and not maintained we played in the evening,0
based on my visit the lighting was dim and insufficient during our regular game,0
based on my visit while playing with friends,1
actually would not recommend this place but very professional staff and management on a rainy day,0
well the best place to play futsal in town while trying out the new turf,1
actually friendly staff and smooth booking process but the court was not ready on time at night session,1
frankly speaking the ground was slippery and dangerous during peak hours,0
to be honest terrible experience will never come back during peak hours,0
personally the court was spacious and well maintained providing ample room for players to enjoy their game without feeling cramped or overcrowded while trying out the new turf,1
honestly very professional staff and management at night session,1
from what i saw the turf was damaged and unsafe while testing the lighting,0
will come again,0
frankly speaking highly recommended for futsal lovers on a rainy day,1
well the worst futsal court i ve ever been to while playing with friends,0
actually the environment was not welcoming at all but the price was reasonable for the quality of the facilities and the overall experience provided making it a great value for money while trying out the new turf,0
as a regular player one of the best futsal courts in the area during weekend booking,1
from my experience very poor management system we played in the evening,0
meh experience,0
honestly highly recommended for futsal lovers during peak hours,1
worth the money and time but too crowded and not managed properly on a rainy day,1
frankly speaking booking system was fast and easy but the ground was slippery and dangerous while testing the lighting,1
as a regular player good maintenance and clean surroundings during our match time,1
based on my visit highly recommended for futsal lovers but staff was not responsive to issues during our match time,1
based on my visit really enjoyed playing here with friends during peak hours,1
from what i saw very professional staff and management while testing the lighting,1
bad lighting but ground ok,0
well booking system was fast and easy but unhygienic changing rooms during weekend booking,1
not good,1
to be honest the booking process was seamless and efficient making it easy to reserve a court we played in the evening,1
well overpriced for such poor quality on a rainy day,0
based on my visit the turf was in excellent condition and very safe during our match time,1
based on my visit too crowded and not managed properly during weekend booking,0
in my opinion very poor management system while testing the lighting,0
not worth the price during weekend booking,0
as a regular player highly recommended for futsal lovers but waste of money and time during weekend booking,1
honestly too crowded and not managed properly but spacious court and proper lighting setup at night session,0
to be honest not worth the price during weekend booking,0
from what i saw the price was reasonable for the quality of the facilities and the overall experience provided making it a great value for money while playing with friends,1
from my experience worth the money and time but the lighting was dim and insufficient during our match time,1
well booking system was fast and easy at night session,1
the turf was uneven and caused injuries at night session,0
frankly speaking amazing experience will come again but very bad experience overall during our match time,1
staff was rude and unhelpful but nice environment and good vibes overall while testing the lighting,0
honestly nice environment and good vibes overall during weekend booking,1
actually staff was not responsive to issues on a rainy day,0
as a regular player the staff was not helpful when we had issues while trying out the new turf,0
based on my visit overpriced for such poor quality while playing with friends,0
based on my visit poor lighting and ventilation on a rainy day,0
in my opinion very unprofessional management and staff during peak hours,0
not bad,1
overall friendly staff and smooth booking process during our match time,1
could be better,1
loved the turf and lighting setup we played in the evening,1
well the environment was welcoming and created a great atmosphere for playing futsal making it a favorite spot for many players while playing with friends,1
excellent facilities and great atmosphere while testing the lighting,1
as a regular player booking system was confusing we played in the evening,0
honestly waste of money and time but the staff was very helpful and friendly at night session,0
from what i saw really enjoyed playing here with friends but not worth the price while trying out the new turf,1
from what i saw ground condition was not good during our regular game,0
honestly the turf was damaged and unsafe but one of the best futsal courts in the area while trying out the new turf,0
well the surface quality was very good while trying out the new turf,1
based on my visit the environment was not welcoming at all we played in the evening,0
to be honest the ground condition was perfect for playing during weekend booking,1
as a regular player highly recommended for futsal lovers but the price was too high for the quality offered we played in the evening,1
as a regular player overpriced for such poor quality on a rainy day,0
based on my visit too much delay in booking confirmation but everything was well organized and managed during weekend booking,0
from my experience unhygienic changing rooms during our regular game,0
personally the court was not ready on time while trying out the new turf,0
in my opinion great futsal court with excellent facilities but ground condition was not good on a rainy day,1
overall worth the money and time while trying out the new turf,1
from my experience not worth the price during weekend booking,0
meh experience,0
from what i saw bad experience with staff behavior on a rainy day,0
unhygienic changing rooms during our regular game,0
to be honest excellent facilities and great atmosphere but the turf was uneven and caused injuries on a rainy day,1
in my opinion during our regular game,1
frankly speaking highly recommended for futsal lovers during our match time,1
overall the court was overcrowded and chaotic we played in the evening,0
from what i saw lighting was not good but the lighting was perfect for night games and well distributed during weekend booking,0
overall friendly staff and smooth booking process while trying out the new turf,1
well everything was well organized and managed during peak hours,1
well the worst futsal court i ve ever been to but the ground condition was perfect for playing during weekend booking,0
based on my visit too crowded and not managed properly during peak hours,0
in my opinion terrible experience will never come back during weekend booking,0
frankly speaking spacious court and proper lighting setup at night session,1
from my experience not satisfied with the overall experience but amazing experience will come again while testing the lighting,0
as a regular player very bad experience overall but loved the turf and lighting setup while trying out the new turf,0
to be honest the ground condition was perfect for playing we played in the evening,1
as a regular player good maintenance and clean surroundings at night session,1
based on my visit the best place to play futsal in town but poor lighting and ventilation while trying out the new turf,1
personally had to wait for a long time to get the court ready while testing the lighting,0
in my opinion court was dirty and poorly maintained at night session,0
as a regular player bad experience with staff behavior during peak hours,0
frankly speaking terrible experience will never come back during peak hours,0
not good,0
as a regular player worth the money and time but staff was rude and unhelpful during our match time,1
actually very unprofessional management and staff during weekend booking,0
to be honest the price was too high for the quality offered during our match time,0
as a regular player the overall management of the facility was top notch ensuring a smooth and enjoyable experience for all players at night session,1
the best place to play futsal in town during peak hours,1
from what i saw waste of money and time while testing the lighting,0
in my opinion the turf was uneven and caused injuries during weekend booking,0
as a regular player very comfortable and enjoyable experience but the ground was slippery and dangerous during peak hours,1
to be honest had a very bad time playing here while trying out the new turf,0
from what i saw poor lighting and ventilation while testing the lighting,0
actually facilities were not clean at all at night session,0
overall the surface quality was very good we played in the evening,1
frankly speaking very professional staff and management while testing the lighting,1
based on my visit very unprofessional management and staff during weekend booking,0
well very clean and well maintained ground we played in the evening,1
overall overpriced for such poor quality on a rainy day,0
honestly highly recommended for futsal lovers during our regular game,1
as a regular player amazing experience will come again during our regular game,1
personally amazing experience will come again we played in the evening,1
not satisfied with the overall experience while trying out the new turf,0
as a regular player the lighting was perfect for night games and well distributed while testing the lighting,1
as a regular player very poor management system during our match time,0
based on my visit the court was spacious and well maintained providing ample room for players to enjoy their game without feeling cramped or overcrowded while playing with friends,1
based on my visit court was dirty and poorly maintained during weekend booking,0
from my experience unhygienic changing rooms during our match time,0
will come again,0
honestly the court was spacious and well maintained providing ample room for players to enjoy their game without feeling cramped or overcrowded during weekend booking,1
honestly unhygienic changing rooms during our regular game,0
from my experience good maintenance and clean surroundings but very disappointing experience at night session,1
overall one of the best futsal courts in the area during weekend booking,1
to be honest had to wait for a long time to get the court ready we played in the evening,0
never again,0
as a regular player had to wait for a long time to get the court ready but the turf was in excellent condition and very safe while playing with friends,0
honestly terrible experience will never come back but excellent facilities and great atmosphere during our regular game,0
actually during peak hours,1
overall very professional staff and management during our match time,1
from what i saw not satisfied with the overall experience while trying out the new turf,0
personally facilities were outdated and not maintained we played in the evening,0
to be honest the overall management of the facility was top notch ensuring a smooth and enjoyable experience for all players during our match time,1
ok futsal not bad,1
based on my visit waste of money and time but the court was spacious and well maintained providing ample room for players to enjoy their game without feeling cramped or overcrowded while trying out the new turf,0
not good,1
in my opinion very professional staff and management while testing the lighting,1
staff good but turf bad,1
as a regular player staff was not responsive to issues we played in the evening,0
worth it,0
could be better,1
based on my visit waste of money and time while testing the lighting,0
well bad experience with staff behavior during our regular game,0
ok futsal not bad,1
actually the lighting was dim and insufficient but affordable price with great quality on a rainy day,0
as a regular player the lighting was perfect for night games and well distributed during our match time,1
to be honest the environment was welcoming and created a great atmosphere for playing futsal making it a favorite spot for many players at night session,1
from what i saw the staff was not helpful when we had issues we played in the evening,0
too costly yrr,1
to be honest great futsal court with excellent facilities but very unprofessional management and staff during our match time,1
personally affordable price with great quality during our match time,1
in my opinion the environment was not welcoming at all while testing the lighting,0
based on my visit the environment was not welcoming at all while trying out the new turf,0
in my opinion staff was not responsive to issues but affordable price with great quality during weekend booking,0
based on my visit lighting was not good while testing the lighting,0
as a regular player court was dirty and poorly maintained during weekend booking,0
in my opinion waste of money and time during weekend booking,0
honestly very poor management system but the environment was welcoming and created a great atmosphere for playing futsal making it a favorite spot for many players at night session,0
personally excellent facilities and great atmosphere at night session,1
very poor management system we played in the evening,0
affordable price with great quality while testing the lighting,1
frankly speaking everything was well organized and managed during peak hours,1
well the court was not ready on time during our match time,0
from what i saw the best place to play futsal in town but poor lighting and ventilation while testing the lighting,1
as a regular player had to wait for a long time to get the court ready at night session,0
to be honest very poor management system on a rainy day,0
overall the environment was welcoming and created a great atmosphere for playing futsal making it a favorite spot for many players but poor lighting and ventilation while playing with friends,1
based on my visit waste of money and time while playing with friends,0
actually the turf was uneven and caused injuries during weekend booking,0
frankly speaking the lighting was perfect for night games and well distributed while playing with friends,1
as a regular player great futsal court with excellent facilities during our regular game,1
from my experience nice environment and good vibes overall on a rainy day,1
actually staff was rude and unhelpful during our regular game,0
not good,1
actually good maintenance and clean surroundings while testing the lighting,1
overall the turf was uneven and caused injuries during our match time,0
from what i saw had to wait for a long time to get the court ready during our match time,0
from my experience amazing experience will come again on a rainy day,1
not good,0
to be honest not worth the price but amazing experience will come again during weekend booking,0
honestly very comfortable and enjoyable experience while playing with friends,1
honestly too much delay in booking confirmation during our match time,0
from my experience everything was well organized and managed during our match time,1
based on my visit the price was reasonable for the quality of the facilities and the overall experience provided making it a great value for money we played in the evening,1
from what i saw overpriced for such poor quality but nice environment and good vibes overall during peak hours,0
in my opinion had a very bad time playing here but very professional staff and management during peak hours,0
from what i saw great futsal court with excellent facilities while testing the lighting,1
from what i saw the staff was very helpful and friendly during weekend booking,1
had a great time playing here while trying out the new turf,1
actually very disappointing experience while testing the lighting,0
personally lighting was not good but spacious court and proper lighting setup while testing the lighting,0
overall booking system was confusing while trying out the new turf,0
